entity_id,entity_name
1143172578,diana adama
3145096588,jarred evans
1114115068,bethan webber
3669324773,yvonne griffiths
1962361668,kevin ouyang
3254641121,raina macintyre
2256464832,bob saynor
3991615386,catriona greenwood
2380084628,steve walsh
3199289592,tedros adhanom ghebreyesus
1471274854,mark rumble
2099344537,donald trump
1573690675,boris johnson
3626225670,martha mcsally
1310301267,xi jinping
465959099,john mackenzie
188736126,arnold hopland
3124548036,jeannie hopland
4152417416,kevin hopland
1978905122,walter russell mead
3055840859,geng shuang
2677208529,zeng lingkong
3028662752,xiao qiang
286162157,bob cooper
1555081186,katherine arden
3233044757,scott rivkees
4213021447,jose javier rodriguez
177617474,tony xu
3401379334,jay ritter
347081545,phillip williamson
3808638230,clare farrell
293923066,mike pence
4060563064,alex azar
582997773,anthony fauci
3334176397,john garamendi
3911526891,rich mccormick
1079774693,stephen m hahn
2796491628,kimberly guilfoyle
2863976193,robert o brien
2755738313,don jr
571325757,fabio wajngarten
2354274422,ivanka trump
578950823,lara trump
3778194836,jair bolsonaro
1824413672,jared kushner
3262823712,eric trump
2669381224,peter dutton
3183820197,steven t mnuchin
353885293,kellyanne conway
3304146263,william barr
1279202351,seema verma
4063668002,brett p giroir
3965079860,deborah l birx
3138278937,andrew m cuomo
2683344912,jon karl
239897052,jerome m adams
1469836265,bill hemmer
787004383,elaine chao
3135712061,kevin brady
3558879761,greg walden
3798891877,mitch mcconnell
3359449927,kevin mccarthy
1827450637,larry kudlow
3633339311,stephen yale loehr
114263594,matt mccarthy
1147644266,scott gottlieb
3084643079,jeremy samuel faust
1197759479,tom bossert
364651867,martin makary
230746344,margaret harris
3396039178,justin trudeau
2120132946,bill de blasio
1120699085,charles barkley
2439032924,david r boulware
1756955705,rachel maddow
928334431,linda quick
3243767712,jack keane
3860076595,daniel brooks
3354063604,liz cheney
964643599,robert chesney
2962639040,stephen curry
1783817836,barack obama
43674942,sanjay gupta
2041521304,nicole mccullough
2809254671,stuart ditchek
1236174504,robin armstrong
563927195,dan patrick
3784252835,bryan hughes
85896933,nancy messonnier
2609827790,gavin newsom
924554625,debbie wasserman schultz
2582331810,mark zuckerberg
3319920092,peter alexander
627704754,george w bush
4097507969,mike leavitt
2927801783,julie gerberding
1343040011,tom ridge
3423143321,lindsey o graham
2181679024,peter navarro
1424447736,joe biden
3269400533,stephen moore
360834911,nick oberheiden
3630735949,harvey fineberg
1958798455,oxiris barbot
4083899255,eric wei
1221471271,brendan wren
1625383805,jake dunning
181643711,lopez gatell
1915329065,andres manuel lopez obrador
3957601082,daniel jolley
4109440463,pia lamberty
1521102597,chris whitty
2750815464,sterghios moschos
915513661,patrick vallance
3273342479,amged el hawrani
966965888,rishi sunak
1371224506,matt hancock
3565266914,john edmunds
2964195811,frank lampard
3635016407,jurgen klopp
3622479046,kyriakos mitsotakis
1440104548,recep tayyip erdogan
4236096560,dominic raab
1745965351,charles michel
3011660620,linda bauld
1052430603,oliver brecht
2836888595,niki edwards
2205144998,amy robach
4258180956,jennifer ashton
2777457449,howard zucker
1140700307,steve mclaughlin
3711312921,arabia mollette
1455171136,ashley bloomfield
2571719637,maynard james keenan
886735560,richard hatchett
432873787,mike ryan
2185555677,emmanuel macron
2260318416,june andrew
1397567295,jeremy hunt
1924537602,jenny harries
3954917179,jennifer cassidy
3925131028,rinesh parmar
4000937576,robert jenrick
2940716415,neil m ferguson
2989750782,richard horton
3379078078,abdul mabud chowdhury
94810658,steve monroe
442256124,john g trump
2094433159,john harry smith
3038336689,benjamin schwartz
3375710055,paul gosar
621970907,ted cruz
1102485932,sarah huckabee sanders
2550601537,alan berger
3911144103,deborah prothrow stith
2058389495,matt schlapp
2386163257,mike huckabee
373021556,leif eric easley
1587199351,kim jong un
3067170340,doug collins
1161076405,molly conger
3679914360,ben carson
1798527540,jeremy adler
1452301951,xu zhiyong
3681764424,sophie richardson
2347006238,rhea liang
3962785068,simon judkins
1613697478,elon musk
2579048630,cameron kaiser
2896445921,thomas broker
385112406,stuart varney
2185109177,gregory rigano
1173463317,tucker carlson
1485845624,louise chow
1564707261,laura ingraham
3911021271,chad bianco
2184212709,anjali talwalkar
2770490889,muriel bowser
555138713,greg hunt
3245935089,mukesh haikerwal
2631163598,andy slavitt
2203743415,mark handley
2622261057,sam fink
1450916291,maria rita gismondo
2432708566,tom hanks
2267379466,john wakefield
2821096253,rita wilson
2402968513,amy acton
2453038797,mike dewine
207120334,dali yang
2004812749,zhao lijian
78546836,francis ware
1005215147,grace fusco
3352617660,martha maccallum
811085412,sean p conley
4121978694,nestor forster
2684437516,rob davidson
2837705335,farhan bhatti
1407488423,steven miles
751283604,dmitry belyakov
3948645215,sergei skripal
28333573,bill bowtell
1610357270,scott morrison
2048681338,tony blakely
983669375,bernard wood
2257400472,paul williams
2741452154,john curtin
3036055166,brendan murphy
2822615092,kean seng lim
2172908852,jacinda ardern
2360425428,brian mehling
4132316723,dongcheng wu
997347617,adam wolanski
1138087855,david kipper
3247948696,robert peston
2799153759,paul hunter
36806241,luca lorini
40186978,pope john xxiii
2272858589,ayatollah ali khamenei
2658410690,hassan rouhani
1011591872,rachel clarke
1212619778,lawrence young
3259264279,david ho
879185049,ron daniels
1583771642,ahmed kazmi
3515490296,sadiq khan
385511820,zhang xinmin
3593796877,dong guoju
2033176207,kerrie huxham
2732470291,harry fay
2598290317,andrew slattery
4089375892,jason leitch
2898958582,paul cosford
427316134,mitt romney
916607046,rand paul
3368499670,mike lee
951391901,irina sannikova
2293958995,vladimir vladimirov
351389091,ron desantis
3662161800,melania trump
3088391549,kerry chant
4093605281,gladys berejiklian
563201866,morris cohen
1847131484,stew leonard jr
164869899,mario alparone
2552947696,daniela trezzi
2910383048,michael levitt
2046854270,neil kinnock
2197141323,stelios haji ioannou
207511085,helen whately
3984096320,catherine calderwood
4095462578,prince charles
3647242800,nicola sturgeon
1732780641,iain livingstone
213714540,andrew preston
273917422,camilla pashley
263225210,brendan crabb
2777622567,mary louise mclaws
2723170865,angela rippon
3790206261,fran unsworth
1719760463,michelle ackerley
2370737036,julie greicius
2379461131,steve schow
1683566401,brett sutton
3875217238,jenny mikakos
320366945,andrew hastie
2006966165,clive hamilton
673387150,paul kelly
3178013278,denis mcfadden
1345637464,ireland tate
1530876311,james hildreth
2988961266,benny mathew
3259311370,kamini doobay
1650735977,anthony almojera
1796965758,colleen smith
1313982872,keith willett
330986840,charles moore
1939715898,adil el tayar
2435129169,zeinab badawi
1436072349,habib zaidi
1796851109,alfa saadu
924836023,areema nasreen
1542923192,thomas harvey
761023166,bruce bradbury
1204726022,peter whiteford
1550120554,gavin boyle
1607449555,philip murphy
2065868453,ava louise
1993564098,roland more
2836106301,alex hsu
435383989,kious kelly
2428628774,daniel scarparolo
3364320868,jennifer lo
243042899,wendy barclay
3602808180,michael skinner
1630240090,fryzlewicz
4290663442,terence rigby
3467431871,ian comfort
922437454,bill gates
4149216099,joseph fair
1253558158,rob grenfell
2381858974,larry marshall
2624469857,david eastwood
3366464004,peter sinclair
1535350604,lina hidalgo
2384410090,steven hotze
632496526,ami jones
2329269466,tom pyman
1131813767,john clifford
2497578321,margaret zacharin
3250226749,nicholas hoult
4142286458,james mcavoy
271477724,salaj masand
4000624207,gemma chan
1065395351,chris cuomo
2452473894,camille locht
2851032033,jean paul mira
1145624560,arnold vargas gabrin
4078417196,debra vasalech lyons
578387634,megan kelsey
2436317933,andrew blythe
2164508946,charlton heston
4111465800,alberto montaner
1382203393,marc k siegel
1471013695,jeanine pirro
3077178347,charles swanton
3440530845,jonathon sumption
1673189314,rob mccoy
2148837392,john inazu
1667512276,alex george
4286052987,joanna morrell
683062809,sarfaraz munshi
3515507804,jk rowling
1050350075,euan tovey
4012926989,sacha stelzer braid
719785861,jim webb
2159166123,al franken
1397195506,ali nouri
963831476,mimi carre
2871038704,beth potter
2891040291,robin carre
3194248999,anton sebastianpillai
4161920158,ms ong
2959075205,daniel lopez regalado
1089408609,magnus gisslen
1718360667,carl sydenhag
1365004373,vladimir putin
2562787091,denis protsenko
848761926,brian long
3228947608,deborah peel
645324964,james pruden
3511084311,william mckoy
